Requirement_1,Requirement_2,Conflict_Type,Conflict_Reason
Achieve a top speed of at least 150 km/h.,Ensure a minimum range of 500 km on a single charge/tank.,Performance Conflict,High speeds typically reduce range due to increased energy consumption.
Achieve a top speed of at least 150 km/h.,Provide a stiff suspension setup for sporty and responsive handling.,Safety/Performance Conflict,"A very stiff suspension at high speeds can reduce tire contact with the road on uneven surfaces, compromising handling and potentially safety."
Achieve a top speed of at least 150 km/h.,Offer a very plush and comfortable suspension for long rides.,Engineering Conflict,"Achieving high speeds often requires a stiffer suspension for stability, conflicting with a plush, comfortable ride."
Achieve a top speed of at least 150 km/h.,The vehicle should have a very robust and durable frame.,Performance Conflict,"A robust and durable frame may add weight, hindering the ability to achieve a high top speed."
Achieve a top speed of at least 150 km/h.,The vehicle should be extremely lightweight for easy handling.,Performance Conflict,"Achieving high speeds often requires a more powerful engine and aerodynamic features, adding weight that contradicts the lightweight requirement."
Achieve a top speed of at least 150 km/h.,The vehicle should have a high-performance engine with maximum power output.,No Conflict,Requirements are compatible
Achieve a top speed of at least 150 km/h.,Use a simple and easy-to-read analog instrument cluster.,No Conflict,Requirements are compatible
Achieve a top speed of at least 150 km/h.,The design should have a rugged and off-road focused aesthetic.,Performance Conflict,"A rugged, off-road aesthetic often involves design choices (e.g., increased ride height, aggressive tires, boxy shape) that increase drag and weight, hindering top speed."
Achieve a top speed of at least 150 km/h.,Incorporate a large and vibrant digital instrument cluster with numerous features.,Potential Cost Conflict,"A large, feature-rich digital instrument cluster could increase weight and complexity, potentially impacting the cost needed to achieve 150 km/h top speed."
Achieve a top speed of at least 150 km/h.,The vehicle must have zero tailpipe emissions.,Performance Conflict,"Achieving high speeds often requires powerful engines, traditionally leading to higher emissions, making zero emissions challenging."
Achieve a top speed of at least 150 km/h.,"Implement the most advanced safety features available, including ABS and traction control.",No Conflict,Requirements are compatible
Achieve a top speed of at least 150 km/h.,Minimize the number of electronic aids to reduce complexity and cost.,Performance Conflict,"Achieving high speed often requires electronic aids like traction control or stability control, conflicting with minimizing them."
Achieve a top speed of at least 150 km/h.,The design should prioritize maximum storage capacity.,Performance Conflict,"Prioritizing maximum storage often increases weight and aerodynamic drag, hindering the ability to achieve high top speeds."
Achieve a top speed of at least 150 km/h.,The vehicle should have a very powerful and bright headlight.,Power Consumption Conflict,"A very bright headlight could draw significant power, potentially impacting the power available for achieving top speed."
Achieve a top speed of at least 150 km/h.,The design should be as minimalist as possible.,Performance Conflict,"Minimizing design (reducing weight, streamlining) might be necessary to achieve the top speed, but excessive minimalism could compromise aerodynamic features vital for reaching 150 km/h."
Achieve a top speed of at least 150 km/h.,The headlight design should be very small and integrated for aesthetics.,No Conflict,Requirements are compatible
Achieve a top speed of at least 150 km/h.,Ensure the vehicle has a very loud and attention-grabbing horn.,No Conflict,Requirements are compatible
Achieve a top speed of at least 150 km/h.,Maintain a low seat height for maximum stability.,Design Conflict,Achieving high speeds often requires aerodynamic designs that can conflict with a low seat height needed for stability.
Achieve a top speed of at least 150 km/h.,The horn should be subtle and not intrusive.,No Conflict,Requirements are compatible
Achieve a top speed of at least 150 km/h.,The seat height should be adjustable to accommodate riders of different heights.,Engineering Trade-off,"Designing for adjustable seat height might compromise the vehicle's aerodynamics and increase weight, potentially hindering the achievement of the top speed."
Achieve a top speed of at least 150 km/h.,Offer a wide range of customization options for the customers.,Performance Conflict,"Extensive customization can add weight or aerodynamic drag, hindering top speed."
Achieve a top speed of at least 150 km/h.,Keep the design very standardized to reduce manufacturing complexity.,Performance Conflict,"Achieving high speed often requires specialized and potentially non-standard components, conflicting with standardization."
Achieve a top speed of at least 150 km/h.,The vehicle should be designed to accommodate off-road tires.,Performance Conflict,"Off-road tires typically have higher rolling resistance and lower speed ratings, hindering the vehicle's ability to achieve a top speed of 150 km/h."
Achieve a top speed of at least 150 km/h.,Integrate a sophisticated GPS navigation system.,No Conflict,Requirements are compatible
Achieve a top speed of at least 150 km/h.,Keep the technology simple and avoid complex electronics.,Performance Conflict,Achieving high speed typically necessitates advanced technologies that involve complex electronics for optimization and control.
Achieve a top speed of at least 150 km/h.,The braking system should be very smooth and progressive.,No Conflict,Requirements are compatible
Achieve a top speed of at least 150 km/h.,The braking system should provide extremely strong and immediate stopping power.,Performance Conflict,Achieving high top speed may require design choices that compromise braking performance due to weight or aerodynamics.
Achieve a top speed of at least 150 km/h.,The vehicle should have a very high ground clearance.,Performance Conflict,"High ground clearance often increases drag and reduces aerodynamic efficiency, hindering top speed."
Achieve a top speed of at least 150 km/h.,Maintain a low center of gravity for better stability.,Engineering Trade-off,"Achieving high speed often requires a higher vehicle body, conflicting with a low center of gravity."
Achieve a top speed of at least 150 km/h.,Design the vehicle for easy and low-cost maintenance.,Performance Conflict,"Achieving high speeds often requires advanced, and potentially more expensive and complex, components that increase maintenance costs."
Achieve a top speed of at least 150 km/h.,Incorporate high-performance components that may require more frequent maintenance.,Reliability Conflict,"High-performance components often require more frequent maintenance, potentially reducing overall reliability and availability which could indirectly affect sustained top speed capability."
Achieve a top speed of at least 150 km/h.,The fuel tank/battery capacity should be maximized.,Performance Conflict,"Maximizing fuel tank/battery capacity can increase weight, hindering the ability to achieve top speed."
Achieve a top speed of at least 150 km/h.,The overall weight of the vehicle should be minimized.,Performance Conflict,"Achieving high speeds often requires a more powerful engine and aerodynamic features, which typically increase weight."
Achieve a top speed of at least 150 km/h.,Design a sporty and aggressive riding posture.,Ergonomics Conflict,"A sporty and aggressive riding posture often increases wind resistance, making it harder to achieve a high top speed."
Achieve a top speed of at least 150 km/h.,Offer a very comfortable riding posture for long journeys.,Aerodynamics Conflict,"Achieving high speeds often requires an aerodynamic riding posture, which typically compromises long-distance comfort."
Achieve a top speed of at least 150 km/h.,Offer a limited palette of classic and sophisticated colors.,No Conflict,Requirements are compatible
